Country,Correlation
Brazil,-0.9183202592910361
Chile,-0.9539739404904569
Mexico,-0.9742804280734164
Peru,-0.35671474438242956
Paraguay,-0.46972317227308147
